{"accuracy": 0.8445319509520487, "precision_weighted": 0.8878631646828884, "recall_weighted": 0.8445319509520487, "f1_weighted": 0.8617340543796256, "roc_auc": 0.7236835777377287}