{"accuracy": 0.8472236068188616, "precision_weighted": 0.8868983719686766, "recall_weighted": 0.8472236068188616, "f1_weighted": 0.8631989064522616, "roc_auc": 0.7188183246490576}